people_name,people_surname,people_patronymic,people_sex,people_address,people_tel_num,people_pass_num,people_email,people_password,people_role
Смирнова,Василиса,Ильинична,2,2347,89367725302,573116386,hdmvZQM@gmail.com,mPdfvwonbCILCfr,1
Агеева,Софья,Богдановна,2,25115,89234929168,320021918,jAFFowH@gmail.com,xPiInrSoNkzxbLm,1
Шаров,Серафим,Матвеевич,1,15246,89483118077,104204661,sAaWuyI@gmail.com,KUtqyuwqzCJcoze,1
Кузьмин,Сергей,Александрович,1,37131,89422900605,416563489,UhpOHDU@gmail.com,vIrGnnlhnDTrwiM,1
Дмитриев,Дмитрий,Матвеевич,1,2954,89322734720,860806683,fGnmTgw@gmail.com,WdyNgcBaanAXMDE,1
Винокуров,Мирослав,Егорович,1,11069,89111944604,284734075,QWrJFdB@gmail.com,AzLHRyxSKaVvKLt,1
Панфилова,Мария,Мироновна,2,19181,89852224898,812344369,DEPkBAm@gmail.com,zCgNDarcyhlXOxN,1
Авдеев,Игорь,Романович,1,27616,89070769590,910234647,TkSbVQz@gmail.com,NtmCXxsPDWOtZEf,1
Петров,Марк,Русланович,1,31628,89854126681,224926464,EfrHZLy@gmail.com,iJKEPTOKQpdtyew,1
Герасимов,Егор,Егорович,1,17071,89068166386,759825289,yipxHbX@gmail.com,kLaqJReSDXaDobD,1
Ефремова,Стефания,Андреевна,2,19875,89667764102,800306926,UxvMiOV@gmail.com,DTAjhGJZUKSqUfc,1
Беляева,Вероника,Вячеславовна,2,33399,89847191943,331725060,eszthSY@gmail.com,xpIfcoEmQoeIVXU,1
Короткова,Полина,Егоровна,2,33010,89260614587,368926977,CUpRfbx@gmail.com,WHEcvvQqlZYSZFo,1
Зиновьева,София,Ильинична,2,39585,89276552472,546044481,lapXyXX@gmail.com,lzaegcIjEblSfZR,1
Молчанов,Виктор,Вячеславович,1,7808,89469527661,151548831,zREJfrO@gmail.com,vTRPdvTrnXzlcjt,1
Кожевникова,Мария,Сергеевна,2,37355,89442245179,960981642,PVYPKsW@gmail.com,fBudTveUZQhnAtd,1
Орлова,Алёна,Михайловна,2,13442,89103244189,764648576,joidpEW@gmail.com,nKAwDNLLSIaosaT,1
Николаева,Анастасия,Данииловна,2,1236,89018839511,994936633,QERrJKt@gmail.com,UWtTvxcuVkGIAos,1
Моисеев,Родион,Григорьевич,1,3403,89949695555,594523060,MGHxJrL@gmail.com,bRJYyCshoXEhnzS,1
Трошин,Егор,Захарович,1,9187,89912062926,536092571,aJRgVWT@gmail.com,VNGQylCfyLeqzNM,1
Юдина,Юлия,Артёмовна,2,18512,89101986299,194690973,SEtHSuT@gmail.com,ssvWzENhXtrGllO,1
Субботина,Екатерина,Артёмовна,2,19937,89690958567,796492731,EcLKkNj@gmail.com,cCZGLoJhmnVyIZW,1
Тихомирова,Яна,Александровна,2,10628,89402157462,568971678,BzolAWA@gmail.com,IeBObvRHlrWZCqH,1
Сорокин,Глеб,Алексеевич,1,9423,89704474855,961551100,mHcJEli@gmail.com,hkLFkwJlTpPmGEY,1
Орлова,Елена,Михайловна,2,23371,89354446467,774015689,IpCdpuC@gmail.com,itxjVnWclFaIJXs,1
Давыдов,Савелий,Иванович,1,12182,89477517135,217499043,SWOMTXY@gmail.com,nPYEbNzJGCVUxXw,1
Сергеев,Павел,Никитич,1,15365,89319295969,996536354,pcpiBBG@gmail.com,EDHFzhkPVtJREtD,1
Макарова,Мария,Артёмовна,2,36773,89762545397,863362216,GXIkzRE@gmail.com,WbqNKMMkiMLwFQF,1
Ильин,Артём,Робертович,1,3994,89930695702,985806504,UBczcuJ@gmail.com,ZeUbuHVmTyHjayc,1
Шишкина,Вероника,Руслановна,2,18003,89886083209,650571218,QpxNOqV@gmail.com,PnxAIGbeVrFUakF,1
Жилин,Марсель,Тимурович,1,12268,89310487389,845556560,aJDfqDE@gmail.com,MRxkMAmAcQJZmNx,1
Ефремова,Айлин,Мирославовна,2,28531,89003236905,138253727,HlGfWdo@gmail.com,OIbDBVHkNjwWHqF,1
Карпова,Марьям,Кирилловна,2,6028,89336986639,371514544,LUYrBGT@gmail.com,DlEkxJuDpRJRxvZ,1
Коновалова,Милана,Ярославовна,2,14094,89156129327,673176674,VAcwWPG@gmail.com,XCXnOfxAsHvXQbS,1
Ковалев,Максим,Даниилович,1,31778,89237954214,846998645,RKfhKfP@gmail.com,iwdJYWgMFIMSDTY,1
Волков,Сергей,Янович,1,24318,89691763330,603971879,REHnGnY@gmail.com,WybYlNTOTPifvjs,1
Дроздов,Дмитрий,Львович,1,19243,89017127339,503971961,AOWhzrW@gmail.com,khtgnsLUhgQrGhf,1
Михайлов,Олег,Артёмович,1,8983,89842589346,397797608,xQixURm@gmail.com,owIRkJdddYWANra,1
Алексеев,Кирилл,Данильевич,1,37219,89628822338,310821602,mUGgUaw@gmail.com,rhPFPLeshNPsdBl,1
Федорова,Василиса,Максимовна,2,16474,89541442254,886359196,LZcXtOJ@gmail.com,xJaAaVEiunEMABL,1
Данилова,Варвара,Яновна,2,23360,89330243668,398670884,ppWhZFK@gmail.com,CuOuHZYBgTjgZtA,1
Куликова,Мария,Мартиновна,2,9668,89414170457,491617171,wbOdWrM@gmail.com,HlFvrnknItbXfCE,1
Григорьева,Серафима,Алексеевна,2,21209,89171614069,282066039,dWGQYBt@gmail.com,hNzWzuUbAGywtdH,1
Григорьев,Кирилл,Кириллович,1,24155,89947255998,551544407,eXYekKO@gmail.com,HSXbaSzAHXGnHLl,1
Костина,Елизавета,Ивановна,2,34667,89751002783,314742411,vGKRrHR@gmail.com,gSeUSrKGjHkKTzQ,1
Иванов,Алексей,Андреевич,1,33729,89325903048,321515291,mazkKVg@gmail.com,IHEIckSqGxUSeag,1
Исаков,Ярослав,Петрович,1,7329,89844223684,280025270,ScYewUc@gmail.com,KjrbZRnESYbPFOk,1
Степанова,Лилия,Тимофеевна,2,35217,89311998679,589679485,CVpApJM@gmail.com,EOMknYofIGuSFlF,1
Прохорова,Евгения,Алексеевна,2,8077,89655998713,566968812,tBeIUda@gmail.com,oaxuowwoejSHCZi,1
Жуков,Александр,Гордеевич,1,33023,89510035166,908525578,FXsZEVM@gmail.com,qgrxJeAeqpFZYbo,1
Горшков,Михаил,Иванович,1,25557,89831466539,887607732,gJHlnhu@gmail.com,FqwPpJKpMPKHLfi,1
Носов,Савва,Александрович,1,13011,89026759869,550498354,CXhdcqR@gmail.com,WDDfFEBQNDjvkvx,1
Бочаров,Иван,Романович,1,4322,89272144635,219035621,fxjLngi@gmail.com,VGMOglSDPfgUHUp,1
Майоров,Фёдор,Маркович,1,25815,89667317967,975674373,oIWlmHe@gmail.com,MCWLzOSqpOQqrjq,1
Богданов,Михаил,Георгиевич,1,10550,89270362946,611164846,QyrGJIN@gmail.com,TLYtFmqqLlNofML,1
Дубов,Марк,Иванович,1,35471,89378751537,650259443,YQTMCBs@gmail.com,GwOcIIryuauAlXR,1
Молчанова,Дарья,Демидовна,2,2020,89142586055,905125231,jYTpmbD@gmail.com,nuWYgicHWptHXoq,1
Афанасьева,Мария,Ивановна,2,3180,89391685684,785833047,IUHcqlg@gmail.com,xhlPTISqaUkwQuO,1
Касаткина,Николь,Тимофеевна,2,31718,89748464502,756446897,QJrdqee@gmail.com,FXwQJjEBeYbioFL,1
Жаров,Тимофей,Владимирович,1,32901,89790472279,460491451,THyynrE@gmail.com,ClnTaMPxOTMcUBU,1
Меркулов,Андрей,Ильич,1,19222,89826660769,303660241,MeszfxD@gmail.com,TZHeMYpdwOJShFN,1
Федорова,Валерия,Григорьевна,2,32294,89257176383,989071921,ytMiwON@gmail.com,JezmazNwGDdQUhn,1
Казаков,Артём,Васильевич,1,2738,89478512013,659601055,IqslYAZ@gmail.com,ZIYTmbexMtCbZYS,1
Маслов,Дмитрий,Фёдорович,1,7713,89636937088,337143544,sYCNPnc@gmail.com,VDDYukfqtLcvZzx,1
Афанасьев,Максим,Матвеевич,1,20174,89165681870,793680568,VwosuBi@gmail.com,MOsgsJoltwqjggn,1
Тихомиров,Антон,Матвеевич,1,31349,89524373822,181554216,coJPpIE@gmail.com,uhILYBepIyBimkm,1
Панфилов,Егор,Маратович,1,30622,89820402094,771577752,UnkMJWy@gmail.com,teBWbWUirIGgKTI,1
Козлова,Ирина,Гордеевна,2,5792,89262869796,738196743,MEeCnxX@gmail.com,JKhoXeLlJChLHQs,1
Козлов,Адам,Константинович,1,18354,89385032062,851371788,HenmEhT@gmail.com,alInlwQxagvZTpF,1
Антонова,Елена,Макаровна,2,4739,89580565160,344924596,iCWmqCS@gmail.com,tevyYBKfPbROsYL,1
Мешкова,Марина,Макаровна,2,33511,89678120350,345671871,qjHppNz@gmail.com,PrzoeILDdQAOZnh,1
Дорохова,Виктория,Степановна,2,1069,89351550129,487523075,GBdJFpb@gmail.com,cNhucUiSZyxsWzP,1
Орлов,Илья,Александрович,1,18778,89317365058,466020757,hyncCbh@gmail.com,faQgdiaYbLBpYzI,1
Князев,Тимофей,Кириллович,1,1799,89245108599,484874047,SPtmxtK@gmail.com,rlzrHtNsXfqDASf,1
Фролова,Вероника,Даниэльевна,2,21901,89639233985,250134079,MhWGOUe@gmail.com,vPHXxpRuCEsfphB,1
Наумов,Никита,Миронович,1,37599,89410525822,224462593,KMCjJOw@gmail.com,ErVVeMdVcCTRZba,1
Маслова,Валерия,Павловна,2,33076,89639602667,758798956,OgcIbpK@gmail.com,wfpHceiWIHsmZGe,1
Николаева,Валерия,Тимуровна,2,8441,89079342087,221260612,rdPNSjA@gmail.com,AlcZHLgSoSlPchA,1
Корчагина,Анна,Александровна,2,30530,89201245563,544844759,hXhBDsH@gmail.com,SNhYmNKcIbrVkGt,1
Александрова,София,Юрьевна,2,32864,89499652308,604306108,DohQzHF@gmail.com,BMuxnejNNXOdMal,1
Васильева,Александра,Артёмовна,2,2209,89983572765,665954753,TpLQDUp@gmail.com,PtmEpONTFDjQIgV,1
Беляева,Мила,Тимуровна,2,10531,89484397148,878587439,gKeITcA@gmail.com,MzvUQKhNapFQLUe,1
Герасимова,Александра,Ивановна,2,29257,89526102055,214082797,PMqOmGM@gmail.com,kkkzdeUjRJaCOke,1
Архипов,Фёдор,Ярославович,1,2623,89778239063,188859920,FhhGcFy@gmail.com,UhrngFyjXnCnnZS,1
Волкова,София,Алексеевна,2,12009,89404750432,187589916,RkoNXKU@gmail.com,XesZqctefyDuAUf,1
Голубев,Александр,Алексеевич,1,35130,89872589302,621120457,vBWLZiP@gmail.com,tnfnRxhRCSMYVeT,1
Борисов,Георгий,Александрович,1,11225,89008955307,972700757,nwjSAzV@gmail.com,dTbbxTodNfiAAyC,1
Иванов,Иван,Максимович,1,15179,89663555955,410922573,sGWjOFx@gmail.com,BNUGQZllZCUQHcl,1
Степанов,Максим,Сергеевич,1,25619,89855674686,193056348,UiyPAkC@gmail.com,KSRgDHOxuHptsAL,1
Моисеев,Константин,Тимофеевич,1,3124,89668941329,437703050,odECKYX@gmail.com,qApVSYQKLJJmtcJ,1
Котов,Максим,Иванович,1,12434,89440234766,599374120,JHGDpYR@gmail.com,EIalKZquROyUoey,1
Фролова,Елизавета,Максимовна,2,36958,89957633476,670575079,DaNLbkE@gmail.com,aqkciFJBFnQoCct,1
Куприянова,Полина,Алексеевна,2,31310,89379340597,968306481,tZVQYTz@gmail.com,FGzeueETGREKZzl,1
Прохорова,Василиса,Алексеевна,2,11690,89272737922,114664051,aOmsjwl@gmail.com,pxKNfQXqRvNMaPZ,1
Барсукова,Екатерина,Макаровна,2,10239,89068620422,771697978,kZbDfKk@gmail.com,zkbmoPRAbYDUjyZ,1
Козлова,Юлия,Михайловна,2,6669,89362142603,249575271,gYPkELy@gmail.com,XXDkxLqaHKElKOw,1
Калашников,Егор,Ярославович,1,28812,89859891573,632656596,ObyOvda@gmail.com,IglyUyXeXLqNRHF,1
Павлов,Дмитрий,Даниилович,1,5194,89367284236,521444295,mjcYRTC@gmail.com,JoVHWuGWYbWFizj,1
Артемов,Михаил,Иванович,1,36310,89419277399,298971191,SIbYBCa@gmail.com,fIVorqQIuaHzXPs,1
Прохоров,Давид,Максимович,1,33322,89333470975,671663973,PXToVKB@gmail.com,bEozRcfPTsCbiMC,1
Михайлов,Даниил,Александрович,1,26526,89868377597,280609080,yrajrZp@gmail.com,wagTCjeXxLNfNKE,1
Сидорова,Арина,Максимовна,2,3654,89463993754,684899390,EgeDnEs@gmail.com,quNzeBKSodWHgbS,1
Ковалев,Марк,Павлович,1,6383,89915294669,324167449,yytlEJq@gmail.com,djFrKLntLfZAaYK,1
Масленников,Степан,Лукич,1,15760,89052025414,201054523,DpRWIcG@gmail.com,zLgJluIeIDZBfXR,1
Кузьмин,Андрей,Ярославович,1,12115,89398472941,415646021,TAVkIlb@gmail.com,mItNfrbwhHuySsp,1
Тарасов,Дмитрий,Матвеевич,1,31129,89102978525,618604344,rzvIguu@gmail.com,mYUMGeyJVQASvOy,1
Бабушкин,Иван,Владимирович,1,8221,89591395298,929851813,aPFiHWU@gmail.com,AGBFyUuQuinBewP,1
Овсянникова,Василиса,Максимовна,2,14285,89299861156,427983656,wlzaXou@gmail.com,uIJPaYuURStbepS,1
Егорова,Лейла,Александровна,2,30130,89236373283,932780075,DxkkzaG@gmail.com,gyhOXlMxNqFVsiT,1
Смирнов,Арсений,Романович,1,35644,89198487245,199263769,XdGCjUl@gmail.com,SccdRevvtqoCkfR,1
Ермакова,Полина,Артёмовна,2,31711,89145854692,800456537,LiUxJji@gmail.com,EmRvfDptNAZdiYF,1
Королев,Мирон,Михайлович,1,31043,89374060392,403157297,TlRRqyS@gmail.com,yGmzkWdqnMTgJUe,1
Попова,Елизавета,Алексеевна,2,19422,89214768303,508698751,VBRPiqB@gmail.com,QfwvkiaMDuCEaTS,1
Комарова,Александра,Тимуровна,2,4847,89961075151,171502527,zamQOlZ@gmail.com,htEQvDhyPAWqLrx,1
Гусев,Александр,Степанович,1,24450,89982988898,495303064,JBzqzft@gmail.com,OXoZeSTXQTWCymg,1
Свиридов,Ярослав,Иванович,1,6591,89681835409,334958543,hIORTmZ@gmail.com,iAPVcmZFrDTxXoC,1
Чернова,Алиса,Антоновна,2,38921,89006990882,805828347,pXppEtf@gmail.com,oyQkzUQykfsATqa,1
Алексеева,Валерия,Георгиевна,2,29355,89117558218,194648430,AVrHLTK@gmail.com,RcXTEeOJjMyzYZN,1
Панин,Владимир,Максимович,1,30893,89292813392,788297940,KvFfhhS@gmail.com,lYzprhvyYuiMsUK,1
Евдокимова,Ксения,Максимовна,2,7947,89656198347,518587097,LZtHaZk@gmail.com,JUctRYTKAXPbhws,1
Петровская,Алиса,Тимофеевна,2,12959,89653247605,476430825,iBgNoFQ@gmail.com,mTZyPFhKAQfoXWa,1
Голубева,Виктория,Степановна,2,9977,89354453396,495467561,PdHkOGd@gmail.com,kDkIgkIOmxfOSrn,1
Агеев,Георгий,Алексеевич,1,35536,89128746279,966861770,qGWfqBp@gmail.com,TijjyJjQoWFTutZ,1
Мельникова,Таисия,Михайловна,2,39100,89969774501,889465939,zCPBtFb@gmail.com,AKCKkGOwhUQIWYO,1
Чернов,Алексей,Даниилович,1,6400,89432539934,398090731,rGUoJaG@gmail.com,mJlvzUlDPfWmsBv,1
Максимов,Мирон,Иванович,1,3512,89669621924,648751424,EOEOqSs@gmail.com,OcquazTXGXxTiDQ,1
Прохоров,Никита,Игоревич,1,29151,89383826659,462421525,fFDTwVE@gmail.com,znDMMZYsrGkKYsw,1
Чернов,Иван,Егорович,1,36331,89420263797,645751817,ZqryhLI@gmail.com,swYzeANAYlTMmlM,1
Новиков,Никита,Львович,1,14749,89750219616,401164342,XxQxosh@gmail.com,FmBOxrLUBMjIVzV,1
Митрофанов,Михаил,Миронович,1,14503,89510535425,948119159,mMcvOFr@gmail.com,jOclgaAaNZofIUd,1
Потапова,Юлия,Ярославовна,2,34653,89639560445,996213701,BQoWCtT@gmail.com,vaNjNRePPNSGsoS,1
Дорохова,Аглая,Алексеевна,2,15264,89025822623,343402633,xNaBdRG@gmail.com,MNBsmMNZcdHQpIk,1
Кукушкина,Есения,Матвеевна,2,7757,89510794604,974335161,liTbNoX@gmail.com,DxqklqqiGkUlLMI,1
Смирнов,Владислав,Вадимович,1,13136,89851136141,677761965,TGipbfV@gmail.com,StEKJAUkkjKpQrw,1
Макаров,Игорь,Романович,1,33142,89885999170,798431092,GIMtnHP@gmail.com,BTjhZJIXuEGdyaC,1
Шевелева,Дарья,Александровна,2,32041,89540152713,919258063,XgDHzgM@gmail.com,AvTrFmtTAnffVGr,1
Матвеева,София,Николаевна,2,34251,89253866156,301692577,PmssqPF@gmail.com,nodBxKNbSKeNCml,1
Иванова,Ника,Артемьевна,2,863,89432874662,928641009,twhbAIo@gmail.com,UsckmeiCLhQaXdf,1
Коротков,Григорий,Никитич,1,10662,89259083114,944659900,uOwcIOz@gmail.com,zXcxJbrmEhbrLln,1
Карасева,Полина,Дмитриевна,2,28599,89787591329,203745519,qhbEhZI@gmail.com,QdVGyqkwokPbhGS,1
Пименов,Александр,Гордеевич,1,24145,89074853466,966290121,uBdqjdx@gmail.com,dUpWrzNxxvzNuVO,1
Иванов,Андрей,Дмитриевич,1,25734,89300973519,911323542,pgbPlEj@gmail.com,SYSBrjVBJZxYpEB,1
Иванова,Маргарита,Фёдоровна,2,32709,89168028397,514875662,DiTaAUm@gmail.com,INYETamVqXxrzPr,1
Романова,Адель,Юрьевна,2,17284,89689137450,874291934,fAYAznZ@gmail.com,XExxftxpvrjSWwD,1
Черкасова,Александра,Владимировна,2,34382,89628014216,483172052,qMtFnYm@gmail.com,QwRmySvEFHhLNeZ,1
Круглова,Вероника,Владиславовна,2,97,89951757688,867864615,MrdBGwB@gmail.com,bKoRUPRgIdfUGVu,1
Седова,Варвара,Семёновна,2,20506,89245081762,814166803,nJMPiFj@gmail.com,VEVbtfyNoJlMYLB,1
Спиридонов,Степан,Даниилович,1,3362,89256308219,526701474,jaLtUsl@gmail.com,YUdxiTPGEeDrxcx,1
Титов,Семён,Максимович,1,30565,89708654585,185435480,RENCviS@gmail.com,divikHdduXCryXj,1
Крылова,Василиса,Давидовна,2,4283,89201981057,700556890,ZQGwkLI@gmail.com,DqZrBAqOuTbJWhW,1
Митрофанова,Елизавета,Андреевна,2,35694,89169549703,807495507,vGgCngS@gmail.com,JITVxxwuapPWVaU,1
Платонов,Тимофей,Миронович,1,37546,89268789022,806224886,NIqvYjx@gmail.com,swdzGdnynEPJgpt,1
Никитин,Борис,Матвеевич,1,26323,89626218805,443929972,VzRDjHG@gmail.com,qreTYREuKOxRCsr,1
Миронова,Мария,Ивановна,2,33878,89332901949,458242815,mqMQAiq@gmail.com,WuvZNBtWpSAqxbs,1
Горшкова,Вероника,Леонидовна,2,13750,89605211217,440734400,jVyzEAZ@gmail.com,ZDmNuBOuUMfeEWX,1
Круглов,Дмитрий,Данилович,1,14923,89953626072,357731819,BEAoGyS@gmail.com,ZwmIPAKZSwwHMwq,1
Соколова,Арина,Алексеевна,2,24386,89957171719,226952431,lRcUPfo@gmail.com,YlJfgVTaBohrNdI,1
Глебова,Мария,Тимофеевна,2,17996,89640802701,269445283,XdKXeKL@gmail.com,mxdCxHaTolaaqIA,1
Журавлев,Александр,Борисович,1,691,89571880401,968365087,iTNJqnp@gmail.com,aXwNsnSlVtBjQlw,1
Назаров,Михаил,Александрович,1,18759,89285481674,295125356,UCNiaEI@gmail.com,CgqyTiizyFshCzO,1
Никитина,Ярослава,Лукинична,2,10736,89761305743,391056430,VMRyBkF@gmail.com,ebdTGzjCgYRRNBH,1
Павлова,Алеся,Глебовна,2,29417,89122828180,691100890,AuxnUQe@gmail.com,QwYdmCquwkXEnVJ,1
Алексеева,Милана,Львовна,2,26599,89996523912,805321177,sblqqIt@gmail.com,AvwijNbDLHOlevd,1
Бочаров,Александр,Давидович,1,25764,89923468779,603676911,nlTvVRV@gmail.com,zddqIlityiofcyg,1
Иванова,Николь,Всеволодовна,2,23220,89204286446,327169623,QVaFmFI@gmail.com,dwZoxcWRcTDGyaT,1
Белова,Таисия,Юрьевна,2,30530,89360126807,380732288,qloZCPN@gmail.com,sEucYhVpGVHLwRD,1
Костина,Ангелина,Михайловна,2,10068,89790684848,561735544,NuNOxGR@gmail.com,krjQLJwiBQcdomQ,1
Рябинин,Даниэль,Тимофеевич,1,5341,89963667962,949527876,NFnbiHM@gmail.com,hBBKQEgOUfySrzA,1
Сидорова,Дарья,Кирилловна,2,26036,89581982466,749629470,lnznBTv@gmail.com,FErLHtzGZjPCrnw,1
Дмитриева,Пелагея,Дмитриевна,2,29561,89339440002,327215697,rGaFyzo@gmail.com,TxGeMdpaZdPfXLo,1
Овчинников,Билал,Ярославович,1,13764,89765643356,468007252,ehJBoYS@gmail.com,pswCKUkogWtQkQG,1
Кузьмин,Даниил,Константинович,1,10243,89760578208,707094366,IeTGCJp@gmail.com,smrPjqDMmGSQUsU,1
Михеев,Александр,Фёдорович,1,9788,89903742850,674482478,KVlGCuT@gmail.com,DOcIbzsXVVUAQOL,1
Уваров,Иван,Евгеньевич,1,14596,89276402150,197817482,ZfdIAEk@gmail.com,ENMVYEsjuJClsuT,1
Михайлов,Максим,Михайлович,1,25935,89329984044,150226890,ntvQSGq@gmail.com,MZfvTbWGccQSOwL,1
Аксенова,Анастасия,Фёдоровна,2,36284,89971055760,423392061,QcFHrUk@gmail.com,hFftnPiJyDfURdb,1
Михайлов,Игорь,Никитич,1,4532,89901858311,746591692,bfPsEBm@gmail.com,zQTQYyhXAscPmZg,1
Румянцева,Лейла,Ильинична,2,32410,89280927374,250746871,FVmwTvA@gmail.com,TIADBFNNNvyMqgu,1
Соколов,Даниэль,Степанович,1,4717,89087569485,803170550,gCyGYFA@gmail.com,fgMjTxoPoUljleC,1
Васильев,Леонид,Максимович,1,5780,89038515106,979417057,BDrvgGr@gmail.com,uJAiFuPteJHtYAR,1
Маркова,София,Матвеевна,2,959,89744900377,110329008,tSTEYrl@gmail.com,slUMWOMXNPVHXzy,1
Соболев,Мирон,Никитич,1,19136,89426921418,535936805,uTxASyU@gmail.com,sFNCiYkSDORQLWz,1
Карпов,Егор,Матвеевич,1,507,89853378451,592735646,vTDAaJf@gmail.com,CYosZfHjMAjreNI,1
Черепанова,Стефания,Егоровна,2,2877,89674988641,148582337,BexnmON@gmail.com,uOsnrpbRgqWkHLn,1
Киселева,Софья,Романовна,2,9466,89803029664,852974630,hJXtXfn@gmail.com,QpYNdbeCCUMDkOb,1
Медведев,Роман,Тимофеевич,1,1337,89357031217,913248323,KNERlro@gmail.com,qPwJLgdguFXjRvL,1
Денисова,Алиса,Егоровна,2,20931,89330068710,332421230,bKdQjNA@gmail.com,MAddofzSkeGdDSK,1
Соловьева,Анастасия,Георгиевна,2,31654,89401078174,655664204,fybPnVv@gmail.com,IbstGXvSDouFQQr,1
Титова,Елизавета,Артёмовна,2,7975,89791085701,251836485,WiAqhbo@gmail.com,SGwiNZchgZojpcu,1
Михайлов,Андрей,Русланович,1,29918,89139844123,215521431,WrtZsuj@gmail.com,SISEWRzUQuPYlFf,1
Герасимова,Анастасия,Михайловна,2,13771,89482595280,878998119,EsJoYpN@gmail.com,LBlEvsPyDTUZlBg,1
Трифонов,Константин,Алексеевич,1,29286,89180739374,191411195,YzlQpct@gmail.com,ZQvavZFJMEPMsFi,1
Никитина,Алёна,Александровна,2,11743,89527406612,489555429,aomAIxp@gmail.com,BEXZpmcraKVJOIW,1
Казакова,Мария,Кирилловна,2,30609,89206413883,363401626,ieKvnhB@gmail.com,rAaXaKkcPbGtyqv,1
Петров,Илья,Артёмович,1,34215,89448974433,435753640,mcJLJww@gmail.com,SgNuODyBdXZnNik,1
Яковлев,Иван,Платонович,1,32420,89675721711,743736895,EadZzrU@gmail.com,gJKHVNhcDYxodzl,1
Громова,Екатерина,Константиновна,2,11714,89281697698,912791410,veYLYma@gmail.com,CFWpikzpmgyerkO,1
Михайлов,Григорий,Артёмович,1,29675,89037349459,213973652,zwXcauJ@gmail.com,TMcCFNCHEStFUlF,1
Карасева,Пелагея,Кирилловна,2,39408,89652267393,260974588,HrcMSgu@gmail.com,EPuadlTDwpgdIli,1
Рыжова,Ульяна,Александровна,2,19958,89673131318,677631242,fGCmiAU@gmail.com,TqAQeDIMajTxBZa,1
Мальцев,Даниил,Александрович,1,31144,89329468205,326801600,bMrZsMI@gmail.com,ZrLTaaRmvAWHoVa,1
Егорова,Александра,Родионовна,2,14203,89380545137,140097350,qViijJC@gmail.com,FqAsvhBnyGybDLn,1
Зотов,Матвей,Маркович,1,29748,89178820904,818447754,ITUVSBv@gmail.com,eeHIqQLIbYtyeuU,1
Ковалев,Андрей,Максимович,1,32006,89187915156,380850954,UDVhkCD@gmail.com,EnQUhVrzSBCkfdv,1
Майорова,Алиса,Владиславовна,2,29044,89940159575,926911223,JHaghCT@gmail.com,MLBaudapdcQfSLW,1
Орехова,Варвара,Данииловна,2,11544,89819656608,784760622,KeaNmrV@gmail.com,vOCIyKuuXapQVms,1
Соловьев,Максим,Петрович,1,13584,89204425870,400842018,iIQznYd@gmail.com,fWtbYbfrXTgwajD,1
Мельникова,Мирослава,Михайловна,2,8140,89388008899,587241199,sWEJZJR@gmail.com,IgvBWugsacOCWtt,1
Константинов,Макар,Глебович,1,25535,89899575051,136837333,dYuhrgu@gmail.com,cOjYPHPWBBeQYlK,1
Васильева,Сара,Владимировна,2,34950,89603828679,105473642,SnkCuQM@gmail.com,ofdBnjjreRZMRUp,1
Соколов,Ярослав,Максимович,1,22910,89630612066,361434839,ifMNRuL@gmail.com,xvXXpZUMBOEohEt,1
Майоров,Роман,Егорович,1,35175,89108374198,901933193,jagNDCS@gmail.com,tKAEbhniQLaDGHs,1
Сафонов,Мирон,Миронович,1,15905,89368255655,500170324,lbJYYjs@gmail.com,ivoOToXdvTTBIjp,1
Павлова,Екатерина,Артуровна,2,33145,89988322340,528106142,YbfOKqt@gmail.com,gIgvHQMuEvnEvLW,1
Матвеева,Виктория,Георгиевна,2,22132,89662328014,508226678,kzwMCNf@gmail.com,rJTxLVkHAqcuvJN,1
Тимофеев,Георгий,Артёмович,1,7030,89064760551,576129826,ewJCPQF@gmail.com,tAcSMiTGfmUwtVy,1
Лобанова,Мария,Егоровна,2,9904,89532433121,496710881,tNjpezj@gmail.com,VbaoOIqbfCCShOv,1
Иванова,Елизавета,Александровна,2,23268,89878927933,711976502,JGSNyFB@gmail.com,pZUClRXGSmlpZXz,1
Иванова,Полина,Евгеньевна,2,28433,89166729259,499837100,whCeztR@gmail.com,SgyOgplUbTICZes,1
Авдеев,Алексей,Матвеевич,1,16181,89600286555,818675887,zSIQvhJ@gmail.com,tNeEJVIlzCPalug,1
Третьякова,София,Дмитриевна,2,7677,89163398361,999901427,oHojoMN@gmail.com,XkRetNLyJqmUJFB,1
Кузнецова,Марьям,Александровна,2,23881,89777667500,797988053,JBPYVvj@gmail.com,hDywsMMIshDDiYg,1
Волошин,Алексей,Глебович,1,16081,89149907186,117513107,dTanUsJ@gmail.com,uBfNJPZpukQOrdL,1
Осипова,Анастасия,Данииловна,2,12404,89542176182,443728409,PPTmOpP@gmail.com,upIbNgXyXITZCTF,1
Панфилова,Ульяна,Константиновна,2,31389,89305659291,290176280,MeiWLPo@gmail.com,HDJALZOqpIPzGOf,1
Лебедева,Анастасия,Матвеевна,2,29795,89556747743,933476371,yALSNuA@gmail.com,LkuXCPAmvBmzqJd,1
Тарасова,Мария,Артёмовна,2,9974,89520737458,679856821,xbIzWmp@gmail.com,dGSquzRSUbHVwBI,1
Осипова,Ульяна,Ильинична,2,37339,89810177281,548919688,RatHauN@gmail.com,GggXhHKHValtsPt,1
Тихонова,Анна,Евгеньевна,2,24531,89088312366,984359734,DMkqjhY@gmail.com,nokkUaWxAZHwHIo,1
Николаев,Марк,Александрович,1,23801,89689201239,712386569,sZWNKCY@gmail.com,mQWFMrVolXWVDVz,1
Ларин,Михаил,Андреевич,1,4055,89025820726,825070191,uVvmzVB@gmail.com,YUmxROHVmyroiPh,1
Петрова,Варвара,Артёмовна,2,35921,89042574719,746697093,ofUdlch@gmail.com,AEfXGdGBoIQAJPJ,1
Яковлев,Михаил,Владимирович,1,23210,89252792191,353390095,yHnyqcD@gmail.com,KdIWszuXrCcRknq,1
Громова,Майя,Александровна,2,20276,89027290665,193959889,qebizyD@gmail.com,RFsRmnFMQruihcZ,1
Исаев,Адам,Миронович,1,19549,89760779029,475452470,cqupsgt@gmail.com,PEXUALUoKNInneD,1
Малышев,Никита,Матвеевич,1,955,89518269683,632454144,AbGYtyf@gmail.com,AVqKpfdZjHjMkIF,1
Москвин,Лев,Михайлович,1,25989,89078331042,402067902,XjwcXkx@gmail.com,lmaHNWsmEEREvVo,1
Лапин,Матвей,Артёмович,1,12039,89362432460,384281792,SdDHitf@gmail.com,xozvtmOMmGqKWMO,1
Сидоров,Николай,Святославович,1,10004,89723933176,625470898,PHfMxbu@gmail.com,ZUiEtQNszCPNxkq,1
Белкина,Виктория,Антоновна,2,27243,89425062119,949993312,QnMRCeS@gmail.com,WbIYIIZxbNMaPem,1
Попов,Евгений,Михайлович,1,22351,89388971118,902898382,BuuwlFU@gmail.com,UsiFVmrscXhdPqP,1
Титова,Мия,Дмитриевна,2,19523,89788883561,215265099,kVOmdZo@gmail.com,CYLtcMIirmLANKT,1
Смирнов,Константин,Фёдорович,1,30253,89640512436,684489510,CiGHRLB@gmail.com,qdtQhUVcdnRDtFW,1
Моисеев,Виктор,Владимирович,1,3585,89938227654,310956739,LqcmmiV@gmail.com,IeZBGXVJukqAzMM,1
Бабушкина,Милана,Ивановна,2,13198,89316523170,310659065,JjxusnM@gmail.com,qoReEaiBsbqryRY,1
Михайлова,Ника,Ивановна,2,8506,89766047421,805791289,CxfJmNY@gmail.com,GBIYDAjoeRHGMcR,1
Румянцев,Руслан,Максимович,1,22097,89622359842,378449588,VSysOZk@gmail.com,MsAqSIlsRQirgDy,1
Соловьева,Екатерина,Арсентьевна,2,11937,89943210430,549027788,GIeyhmt@gmail.com,LjPQiTNjGgfrEOh,1
Крюков,Константин,Владимирович,1,25114,89751497267,761902325,sLboghX@gmail.com,RdwCwMYKpkAaypX,1
Климов,Артемий,Глебович,1,16540,89971193081,423377773,ZJPRXOE@gmail.com,lhnLOOAaKESxmNY,1
Суханов,Даниил,Михайлович,1,16986,89890838162,476273336,MypvgCL@gmail.com,ZDffcWFSqBFakLL,1
Гаврилов,Илья,Робертович,1,16574,89480444262,255431328,AflZyNb@gmail.com,tujkAutHmiJxmyj,1
Виноградова,Аврора,Максимовна,2,8386,89321478083,856862369,gLqQckU@gmail.com,oWZGlFDUCdGubvX,1
Денисов,Даниэль,Никитич,1,8440,89217150194,248415835,NWqKAAr@gmail.com,kwbTpiahoWfqlgS,1
Кириллов,Сергей,Русланович,1,9976,89276118163,947297338,ESFFnqV@gmail.com,dlnkvtTLloDXCpW,1
Боброва,Анастасия,Давидовна,2,21616,89216201943,389663524,YHqZIsg@gmail.com,MKbSjzMpfIMbgeX,1
Вдовина,Елизавета,Никитична,2,8775,89354507156,969803560,TAWEcEB@gmail.com,jaIvfwHAswTdkMS,1
Пантелеев,Константин,Егорович,1,12852,89984052696,796722857,mCPSnun@gmail.com,IIGOSilIbPuiIWY,1
Сорокин,Роман,Ибрагимович,1,22019,89049475017,998145290,IozwdHh@gmail.com,jzkgkycikqoIkwX,1
Вешнякова,Дарья,Руслановна,2,22504,89445143585,626979911,emgddpW@gmail.com,pWquynGEAiqIPfA,1
Волков,Александр,Михайлович,1,22369,89816735218,531557453,iNiBqpS@gmail.com,puGvAoYwrOKRLHx,1
Григорьев,Артём,Львович,1,22966,89058569654,518906713,wIvceMV@gmail.com,biZlDpCtxVJgDxS,1
Глухов,Александр,Маркович,1,30217,89942777072,276315132,fPSzPFk@gmail.com,DaopljbPoaULSAF,1
Кондрашова,Полина,Егоровна,2,32366,89850631782,772440169,oBApKTf@gmail.com,vljNcywDyidDzvG,1
Воронин,Александр,Львович,1,5461,89742670968,537306479,LRBGpgp@gmail.com,PhmsOzwVSOstWEY,1
Румянцев,Артём,Львович,1,26624,89643016571,490262362,omvABZJ@gmail.com,wJJanoqdjtEUZhF,1
Захарова,Стефания,Михайловна,2,33493,89558568162,395900638,GvMxHti@gmail.com,vdFvIgbSpiZJGIX,1
Рогов,Никита,Артёмович,1,6751,89974414619,167518797,UfRdWoJ@gmail.com,aXrNJtCBPrNrCxG,1
Богданов,Максим,Андреевич,1,25667,89741169308,238024162,VFqPwkm@gmail.com,JdrPqLAuaGpNZRU,1
Гришин,Максим,Матвеевич,1,15780,89282302857,478421656,zQDrCls@gmail.com,JsGFPvStJKzTGCU,1
Кузина,Амина,Дмитриевна,2,33088,89493570742,610151182,XkFQwvI@gmail.com,dufxudNKoEpJaqm,1
Морозова,Юлия,Ярославовна,2,1560,89804592007,398287887,pyBIPUe@gmail.com,IGtpkVhPeXMGlWe,1
Андреев,Василий,Макарович,1,24511,89452555757,968509682,fKMnFTd@gmail.com,YSlcFvWjTLxHsXn,1
Карпова,Анна,Семёновна,2,31632,89856971045,633536313,YwdnWQa@gmail.com,PcwXdHYwuoBfGCv,1
Гладков,Ярослав,Эмирович,1,34573,89865084162,619463331,atjeSqa@gmail.com,qOYUZHVISlZSDvw,1
Ершов,Сергей,Юрьевич,1,38748,89483957422,262560062,kKcrnle@gmail.com,wYsHaVMUzOxbtsx,1
Терехова,Александра,Ивановна,2,18690,89546526670,264550838,AnUcASX@gmail.com,OtibTiumUcATUmm,1
Гаврилова,Надежда,Александровна,2,7972,89890941434,572278526,xIttIcW@gmail.com,FYOKSMSXhsGBDfO,1
Покровская,Алиса,Александровна,2,3314,89297285390,197361245,uJSSSZg@gmail.com,SAqVwPSWcZGmrdn,1
Малышев,Пётр,Тимофеевич,1,36337,89469352226,276726063,NFQBEkV@gmail.com,vDmwdBUycWSsSJH,1
Лебедев,Виктор,Станиславович,1,14543,89295357801,840883932,DxyTrCM@gmail.com,QsMzoponHnOWMIf,1
Сидорова,Ясмина,Степановна,2,31224,89799576017,131089378,kvebOcy@gmail.com,KRtRRbCnyfygqmR,1
Королев,Мирослав,Львович,1,38373,89859677537,517582840,IHbLASK@gmail.com,DCUURWVYnPcpzCY,1
Завьялова,Дарья,Ильинична,2,10532,89142986065,374518610,YgBQdfq@gmail.com,ZjwBzdfgwKmcvXj,1
Фролова,Ульяна,Тимуровна,2,25480,89355745790,869997111,hGooXqx@gmail.com,DuDhkGnHmnqjOMn,1
Громова,Алиса,Юрьевна,2,12480,89277690144,181372787,WwBGWvQ@gmail.com,CtMvYiShEZJwgzQ,1
Акимова,Маргарита,Александровна,2,17173,89811615064,681849234,phuJyZy@gmail.com,EthXPIpwmbViwVv,1
Соколов,Михаил,Артёмович,1,444,89301636305,407867895,YypCwsU@gmail.com,gkFpfyihbVVSzfV,1
Волкова,Диана,Марковна,2,28032,89731812252,546320749,jLoRKhD@gmail.com,AlizBaOWlnYMIRx,1
Петров,Максим,Андреевич,1,16997,89994625600,671587449,QBbxQsP@gmail.com,zSXLMcakMSFDqcq,1
Филатова,Айша,Александровна,2,32507,89703784121,345613690,sxBriVY@gmail.com,huVfcQkTzjWIGVh,1
Марков,Даниил,Максимович,1,1891,89948418943,717620586,fXcpmrF@gmail.com,yvtavHLoUHTDOdp,1
Спиридонов,Александр,Михайлович,1,1348,89183677560,287825187,QmKhtVi@gmail.com,QqXDpUOwJqEuchk,1
Афанасьев,Тимофей,Иванович,1,384,89089138795,356629166,LFqtxzH@gmail.com,BpCSAkERKLgYTvt,1
Полякова,Марьям,Никитична,2,9365,89532471584,612027410,bjtjykV@gmail.com,qHyOfwQlruDBOkP,1
Никитин,Вадим,Владиславович,1,21425,89064493616,248533792,nRBVpcG@gmail.com,iswOVkDCjyBYqHQ,1
Иванова,София,Дмитриевна,2,35407,89115733355,877255882,oDoDmoB@gmail.com,UWkuizUjhKymOTw,1
Павлова,Варвара,Романовна,2,34570,89868013019,620932021,MOIiNrs@gmail.com,hjmmKAubdGfEzwM,1
Сергеев,Дмитрий,Ярославович,1,17426,89527425160,765550453,AGrUfeu@gmail.com,ZHzphiPpyahfaZx,1
Пименов,Алексей,Михайлович,1,13220,89703997017,594621132,wsZpYCr@gmail.com,pcobwJBxJwgURvP,1
Потапов,Артём,Демидович,1,22456,89297890265,155980613,HxtxLpi@gmail.com,bbfflRLUXXaLQXL,1
Воронина,Полина,Гордеевна,2,15022,89565859481,955723430,IwmzQfx@gmail.com,sEowvVMZsUHTUYf,1
Рябова,Мария,Александровна,2,27450,89049722904,252912604,ynYxwPP@gmail.com,eBgnQEKdlZWsgYC,1
Нестеров,Никита,Ильич,1,24674,89129415244,476658482,TOyrWDw@gmail.com,EtDAKTrWpATxTHx,1
Митрофанова,Дарья,Степановна,2,33200,89813074864,120047962,IfQtVCT@gmail.com,SjtqmQTkrsidtxc,1
Орлов,Владимир,Иванович,1,1454,89374498771,822080769,wgaImpx@gmail.com,yYdxMGcUSsjsIEt,1
Костин,Степан,Михайлович,1,4776,89986134322,248633414,mklncKu@gmail.com,haWIQgSigZHGeyw,1
Власова,Виктория,Романовна,2,4616,89293271683,868788045,wBAhLgl@gmail.com,VRLMKExYpEBlrYY,1
Лосев,Марк,Платонович,1,16766,89349287105,144368109,RmeOiVq@gmail.com,fdIJAOFUypvCTUg,1
Нестеров,Артём,Максимович,1,39795,89995815307,949764747,lDiyoWF@gmail.com,uXBZMdCWazmwGNe,1
Попова,Юлия,Тимофеевна,2,18863,89379022977,357506800,swqdmsS@gmail.com,fsDnEgqcrBWavGk,1
Беспалов,Платон,Максимович,1,13637,89411379201,888114110,AKuFEgY@gmail.com,aBowiJgulKreNLs,1
Ефимова,Таисия,Андреевна,2,39691,89225170575,389568149,MJUaNhi@gmail.com,empdxSXWCZMLfQH,1
Соловьева,Зоя,Данииловна,2,39108,89593788212,372674928,CxBmBMt@gmail.com,ppwSCEQQxdfhWen,1
Морозова,Екатерина,Артёмовна,2,29760,89960185375,917345422,WUKESSY@gmail.com,zHFRPvKTXsJEUhl,1
Коновалова,Есения,Павловна,2,9740,89033907247,902724809,ltaoDfV@gmail.com,MWndPKzGJYcLaZv,1
Зайцев,Никита,Артёмович,1,24444,89327284785,363057256,tPBPPio@gmail.com,NkWrJFRBSTPTVXi,1
Васильева,Диана,Николаевна,2,24075,89721480154,709883658,ecRkPXc@gmail.com,UNPLqMxSWAomEzo,1
Гончаров,Макар,Дмитриевич,1,29771,89226143861,226463428,XhUWLjB@gmail.com,sTfBGztpjNfeYsj,1
Суворова,Кристина,Мироновна,2,24272,89976805556,800232632,KoJoWqA@gmail.com,xxLYlCFiRelWUlI,1
Пономарев,Арсений,Романович,1,473,89325581186,672206947,EMNtBED@gmail.com,JyktDoBceecIvNQ,1
Аникина,Василиса,Романовна,2,39902,89539844048,988047181,yiILRSk@gmail.com,buBcopFeOvxtCqM,1
Данилов,Никита,Максимович,1,19225,89513314702,912013049,OPdBTyp@gmail.com,abtjgfnHPoffPKi,1
Беляев,Тимур,Алексеевич,1,33062,89972092630,479511638,gXqWvaO@gmail.com,dCtNrgJcBaaayuS,1
Казаков,Владимир,Матвеевич,1,14948,89980251269,896225765,UrjmMMU@gmail.com,DbsxCLwbCwNMbIv,1
Леонтьева,Мария,Артёмовна,2,3583,89218320654,987891888,edQLjjd@gmail.com,OxGcmaCEqEykcPf,1
Быкова,Ника,Данииловна,2,255,89592678929,346788024,aZFsGrm@gmail.com,oBcoIvDgxYINHnn,1
Симонова,Элина,Андреевна,2,8575,89930217235,723741172,jzkkinx@gmail.com,pnYWmDHjnjzhyGy,1
Макаров,Константин,Ильич,1,25963,89370667045,542179471,ooRzaWA@gmail.com,IvoDgUZTlFsrDkt,1
Сергеев,Матвей,Кириллович,1,35199,89206201056,601975265,OEKEmwn@gmail.com,eyQLREfUcJqpWap,1
Токарева,Агата,Владимировна,2,13351,89149625257,280783388,KuNdkYP@gmail.com,zZxJNgtfkgBtiWt,1
Борисов,Алексей,Степанович,1,39417,89779968378,813743418,kOdATIX@gmail.com,cXQpxzdoEJbClxG,1
Кузнецова,Ева,Марковна,2,29937,89961233289,426100058,xKejXyb@gmail.com,TBFoqhOnkoIWjGx,1
Золотова,Валерия,Викторовна,2,34838,89579751611,929102691,qxcLrhM@gmail.com,OTaSXOtzppoboaR,1
Лаврентьев,Михаил,Давидович,1,30550,89015761252,890246950,BudMpYu@gmail.com,DrUxwLnOvseWUGt,1
Аксенова,София,Данииловна,2,38790,89971143680,201109983,IePnOCC@gmail.com,BoZEKchWBIinVuw,1
Исаева,Анна,Станиславовна,2,35557,89871543011,818674167,SWGUYQk@gmail.com,IsEHaLCHzgaLWkh,1
Соколов,Роман,Михайлович,1,12963,89612741655,166974498,VaGhNcJ@gmail.com,HQYtxXAlNOjisTv,1
Бондарев,Макар,Максимович,1,4197,89686765886,435350943,vvRrfdf@gmail.com,bFGQWTHcxEzXwIn,1
Марков,Александр,Сергеевич,1,5132,89774211462,961705392,RxZzqLY@gmail.com,ZOtSKyuZzCdreDa,1
Денисов,Яков,Матвеевич,1,7308,89594074000,693708109,sIiFYFv@gmail.com,PWrTUuauJfoPbkA,1
Акимова,Полина,Георгиевна,2,25860,89609022804,887173667,Mwulfzk@gmail.com,HwHKReYpkyitFnx,1
Соболева,Амина,Ивановна,2,1416,89120832387,335603428,KCafuxj@gmail.com,elFLVtzxZKjmajJ,1
Антипова,Надежда,Дмитриевна,2,38876,89315055264,502444793,pdByXCr@gmail.com,ItfEVlFNpgJpYDB,1
Еремин,Тихон,Иванович,1,3275,89219489280,559719421,RMXYQud@gmail.com,mDKxRFIhXoYoEeB,1
Ковалева,Амелия,Андреевна,2,14992,89175848831,447020314,aVJPfTc@gmail.com,JmQyCdRfNKZwpjW,1
Орлов,Мирон,Ярославович,1,7875,89272487462,488370267,nolrEFh@gmail.com,ZYRoKASPNUapIkz,1
Соболева,Амина,Артёмовна,2,20776,89292039939,289512541,xKbITrI@gmail.com,HsZMDMWZuqWsmzq,1
Беликова,Аиша,Давидовна,2,16674,89069847070,960160830,iiNlYiC@gmail.com,YrtnqXLXUppyjwF,1
Орлов,Дмитрий,Степанович,1,27736,89706956789,455498651,ZIVAiVz@gmail.com,HsFKxEeXJGpUCsh,1
Маслова,София,Владиславовна,2,39984,89870277259,475385331,kCEhUiy@gmail.com,WiMpLptbrgAIwgO,1
Пахомов,Матвей,Львович,1,5392,89565690722,298631480,tPDwwHE@gmail.com,kXcEODkBxYrJuAd,1
Краснова,Елизавета,Данииловна,2,456,89364385588,378114659,igltNoa@gmail.com,sOTLMVempwrxGwB,1
Сорокин,Василий,Никитич,1,33332,89683071702,520074634,oIFLthk@gmail.com,USCUdEeYkyCGzre,1
Шапошников,Платон,Николаевич,1,39624,89150966416,158911928,WHUGCeC@gmail.com,LUMOsEtpRwEDWWj,1
Булгакова,Ксения,Марковна,2,19564,89227507178,841733446,KlKKXff@gmail.com,ICyfwWaFVpDbINH,1
Калашников,Марк,Давидович,1,28748,89436490581,686590789,ClGYVXu@gmail.com,hqqQeEYFKYZXEUm,1
Наумов,Денис,Александрович,1,26930,89459113342,256446853,gQQBPrR@gmail.com,JiiSbniEAffkBtr,1
Безрукова,Мария,Данииловна,2,18968,89934753005,120803499,BNkDgXS@gmail.com,KUlXkOZDxOqrfJg,1
Морозов,Степан,Никитич,1,27711,89663843393,476808896,xVXXlsY@gmail.com,fZxtyIXPgBEpXOY,1
Смирнов,Мирон,Михайлович,1,23575,89576755723,295251477,qJdMeKC@gmail.com,oNqrirRbRPTKRdk,1
Коновалова,Евгения,Егоровна,2,13663,89085672917,440704473,LpmZsCR@gmail.com,NrwOteENBXlPOzx,1
Титова,Мирослава,Данииловна,2,5661,89130077403,654394749,VWfBVQq@gmail.com,vEkGwUUhDywTDTd,1
Денисова,Анастасия,Арсентьевна,2,13095,89001001821,325418070,LibmzVS@gmail.com,jCixbrivJEgChQk,1
Барсукова,Варвара,Никитична,2,30989,89295332975,900010903,wJeJIUH@gmail.com,xBUwfNjqYFmoSAf,1
Родионов,Ярослав,Георгиевич,1,33543,89317902590,329977846,sAHqZQy@gmail.com,jnVNFSyPDLudRMD,1
Сергеев,Адам,Кириллович,1,24350,89581355975,225097858,qCMCxih@gmail.com,JFQsdvOgVHLeOtj,1
Федорова,Арина,Вячеславовна,2,6783,89562794315,182088068,BvirVcw@gmail.com,kyOnPsYwcAkVAhY,1
Кудряшов,Арсений,Леонидович,1,32199,89317497028,642318174,haGuuCI@gmail.com,jjTBupHXKiRmZuJ,1
Краснов,Мирон,Ильич,1,220,89038334702,463270807,FWkqOxu@gmail.com,FewdTvqObdwxGDN,1
Бондарева,Дарья,Богдановна,2,8210,89498101052,660761423,CMiURoX@gmail.com,IbDxsooCEktmngZ,1
Никулина,Антонина,Альбертовна,2,31757,89099787524,303003119,cMNFHkZ@gmail.com,IkGuefhBMhbZdKq,1
Андреев,Матвей,Михайлович,1,62,89050501341,789999723,oPSOdpF@gmail.com,tgPuuzplhdgGkoX,1
Семенов,Георгий,Владимирович,1,12200,89165223955,961691553,TPMftiI@gmail.com,vItAVpefbSlNiZm,1
Богданов,Иван,Давидович,1,464,89300194449,813124436,KbOVReO@gmail.com,CuYtbUwpdOQStdi,1
Шульгина,Милана,Никитична,2,11090,89847885403,439406015,STzSPHk@gmail.com,AhtbSlOPWORjPlh,1
Шаров,Арсен,Маркович,1,11625,89851012058,975556409,ssufUaP@gmail.com,vjsrDYNtviYYnst,1
Бычкова,Варвара,Адамовна,2,9279,89443881229,193651613,qqrUASN@gmail.com,PsdSwXZEGcQCwgJ,1
Гончаров,Богдан,Захарович,1,6814,89627639350,329972128,hJHwFYX@gmail.com,xUIUCNrPPQAdgvH,1
Воронов,Максим,Михайлович,1,34094,89778033971,505585580,eIeQMmW@gmail.com,RkGAzaldtdIhpvZ,1
Симонов,Михаил,Даниилович,1,17290,89341232028,188505572,ZHaGTVo@gmail.com,TQaCwvZUBipOjtE,1
Иванова,Екатерина,Родионовна,2,20609,89171444905,662882615,CKfjSeK@gmail.com,eWYnCssXfGHcRbh,1
Кузин,Мирон,Савельевич,1,27986,89992809422,326976116,lcfIJWF@gmail.com,zBVnnUPpgcTWzVi,1
Савин,Максим,Глебович,1,15673,89924511177,113599648,ojcExZH@gmail.com,VESeUmNtQrLFpqX,1
Лыков,Евгений,Александрович,1,14068,89402128896,441693411,sLxSwyM@gmail.com,xDnCfPozuhBwAFo,1
Филиппова,Ольга,Матвеевна,2,13025,89195589097,347211829,HpGVabf@gmail.com,CzouWLANkfuKcAo,1
Захарова,Вероника,Дмитриевна,2,18758,89981901595,505148028,LCGYlOQ@gmail.com,YXvTqAnxKGzoqFf,1
Григорьев,Вячеслав,Владимирович,1,31437,89828881459,891298001,FhShxhY@gmail.com,xvHEvPRnLxjCUkn,1
Иванов,Руслан,Никитич,1,33191,89802682351,220196496,pFtaqyd@gmail.com,nBEHaSWLJqNMpQt,1
Зверев,Даниил,Ильич,1,38138,89820603975,344909213,ggjrSoP@gmail.com,hbDFiaMPCOGaEXw,1
Лебедев,Семён,Дмитриевич,1,16534,89375726044,589102328,tJJjYmI@gmail.com,KmhkaxUsqXQbqXj,1
Соколова,Валерия,Степановна,2,39924,89092025348,303269268,ZdrVbcy@gmail.com,GqoqGKCuXyrRWOS,1
Давыдов,Илья,Владимирович,1,31200,89112755063,458369782,wkfJzsw@gmail.com,ssPPkRJRgpJnwZw,1
Румянцева,Карина,Кирилловна,2,38193,89152773992,297589369,ARwyAkl@gmail.com,iZyenOWlVEJivAr,1
Черных,Диана,Ивановна,2,37111,89209391302,299041098,opDVdBG@gmail.com,bqnLbWZnimEPmfO,1
Успенская,Ирина,Романовна,2,4930,89033024832,685735499,TgCRlTZ@gmail.com,vNCGcwOgIUnsRwX,1
Медведева,Лилия,Егоровна,2,293,89254784173,443764831,UZHmrAj@gmail.com,BYOHnTHlKqPNUjI,1
Михеева,Екатерина,Артуровна,2,29261,89692024453,692739625,xJJnDQL@gmail.com,PhizxFJiXUTGBxe,1
Сергеева,Маргарита,Александровна,2,2999,89626179632,869212195,Xifhdub@gmail.com,yCBMXsPsutcoEHX,1
Крюкова,Полина,Давидовна,2,12430,89052579006,413241420,pZtXZQu@gmail.com,VhgJmKKrsRnTAah,1
Черняева,Валерия,Тихоновна,2,34308,89642042874,231880431,ccHGwgA@gmail.com,jfBUTFEUCYBzEKD,1
Климова,Варвара,Глебовна,2,16352,89751963652,576652636,gUUymBT@gmail.com,JLvQAddEvOgOxgF,1
Федотов,Александр,Олегович,1,3775,89445802143,787650766,BRNQgvA@gmail.com,TorJWRcWPahZGQE,1
Данилова,Дарья,Матвеевна,2,6266,89278569988,249371809,Ezhoilw@gmail.com,evrQHiWaeQcRGrt,1
Виноградов,Даниил,Арсентьевич,1,2745,89581375719,715103697,VWFqgmi@gmail.com,SFnXvLNiPVCLJpj,1
Никонова,Вероника,Тимофеевна,2,24526,89057765809,618371438,hcnWMur@gmail.com,eVNbmmXUNUUwycD,1
Романова,Вероника,Дмитриевна,2,11066,89527399767,439115810,ypyWloB@gmail.com,wdkvGesEtSAuPyx,1
Богданов,Матвей,Ильич,1,6305,89801974953,194612664,Zlnztov@gmail.com,APhLvWyafrNlpZG,1
Михайлова,Ольга,Михайловна,2,11090,89182902054,805651236,NUfdDUo@gmail.com,QPMfcwTGJNYhwaQ,1
Морозова,Милана,Александровна,2,26560,89575522018,197308560,GSwHbeA@gmail.com,VLiXTpEixRiMRQQ,1
Смирнов,Эмир,Львович,1,20459,89666440671,958693965,iVACXJs@gmail.com,IKiHAWLEpzWwCvo,1
Митрофанов,Марк,Михайлович,1,20158,89008226941,976871881,agGSkrb@gmail.com,jdeyVscPzCMdzow,1
Иванова,Ярослава,Андреевна,2,24085,89177438220,975901196,SiWiVzR@gmail.com,UiwWGAcuXmkdTAE,1
Матвеева,Майя,Матвеевна,2,16431,89625175274,986107999,XobPBeu@gmail.com,iyJryKBihpIIiOU,1
Григорьева,Василиса,Дмитриевна,2,25362,89238166643,774289634,ewNCcyI@gmail.com,CkfRKwsTQlhbOgp,1
Гуров,Артём,Дмитриевич,1,7756,89721038751,651916079,BhCppPi@gmail.com,mwHUDcPgSwoRhmD,1
Любимова,Есения,Максимовна,2,24535,89485317877,689369576,sxxlvSq@gmail.com,woTjyKKuTIwZygq,1
Голубев,Вячеслав,Леонидович,1,37728,89152847985,154570449,qDtSTez@gmail.com,WebZGqbCGFcfduB,1
Смирнова,Василиса,Алексеевна,2,13895,89131972077,829027257,EiNKVpJ@gmail.com,wrveMxQYvCMBMfZ,1
Озеров,Александр,Кириллович,1,25715,89301718058,894913905,kZlEljz@gmail.com,DiUhMTGpvaKXOAn,1
Ларионова,София,Львовна,2,33940,89991867907,521195652,RLoUGRJ@gmail.com,botZvyVORROvLLd,1
Румянцев,Иван,Егорович,1,21619,89010393940,606506217,dbmdPDf@gmail.com,kYpNvYdUcQjTMnJ,1
Голубев,Николай,Сергеевич,1,10155,89807509176,152434876,cxiZzXA@gmail.com,lNJRYgLrMAtFYUT,1
Балашова,Вера,Матвеевна,2,7114,89973119756,869201997,GRvSMox@gmail.com,pWoKSoZARbEnzla,1
Носкова,Мария,Николаевна,2,29906,89728533232,613579121,NapUKdF@gmail.com,MbxIlXCWLRwfqye,1
Бирюкова,Надежда,Егоровна,2,549,89404593453,127240056,xhZOFGM@gmail.com,WtxCwkuSvDPlhzj,1
Головин,Артём,Максимович,1,3909,89040199376,284596610,dLlJzrJ@gmail.com,GtDrZpAJPXPHKyv,1
Андреев,Роман,Валерьевич,1,37716,89511700424,195405325,nWYZqlw@gmail.com,AXfowpxQFiaNEkX,1
Дмитриев,Роман,Александрович,1,296,89657950746,546115504,JWhwmXB@gmail.com,JTBKFToceWqGQHc,1
Полякова,Анна,Львовна,2,7328,89439684472,707303069,JizaeVh@gmail.com,eKzRrSSybBQCcch,1
Юдин,Александр,Андреевич,1,9653,89425740503,735933968,IxtvUff@gmail.com,ILTNWUvEOaqRZgz,1
Шаров,Юрий,Максимович,1,4062,89858507612,212521968,RNAbsFP@gmail.com,jKddtCNjGuHjXwK,1
Кириллов,Платон,Платонович,1,26824,89880981378,418932414,rzGCwnv@gmail.com,GCDdYbLgevpqYNL,1
Павлова,Елизавета,Данииловна,2,21032,89844490738,833279855,poUXVNE@gmail.com,ZYzYsLAPHvpzBxw,1
Золотов,Георгий,Константинович,1,10441,89179907319,653675147,oipesFe@gmail.com,lwNcjPBFHPgWhpO,1
Новикова,Варвара,Павловна,2,25831,89473101529,829774642,rdXtdth@gmail.com,kSiHlNYDfoeBnzA,1
Назарова,София,Вадимовна,2,26274,89673755917,152657959,vYpCeGf@gmail.com,OajUbNJzAcOEVoV,1
Федоров,Матвей,Фёдорович,1,35407,89689095396,206632165,tneoypf@gmail.com,liAXmuogDbplkkK,1
Николаев,Дмитрий,Егорович,1,814,89918120210,771270866,bKipdjI@gmail.com,HuwHLdQqPzsniaQ,1
Тихонова,Ясмина,Викторовна,2,2453,89248033777,641037343,RyIwjyz@gmail.com,AmYJSwvdvupVuhX,1
Левин,Александр,Иванович,1,32219,89501099150,573671774,ErXImQz@gmail.com,UevdjSMBKywZwSR,1
Куликова,Алиса,Егоровна,2,19756,89350696272,335461178,gcCemdl@gmail.com,WzAIIViULVKTtIR,1
Черная,Майя,Андреевна,2,1771,89760047423,185517698,LRDdZdm@gmail.com,gZlmFopYOwyMZtc,1
Семенов,Константин,Максимович,1,29582,89244335518,738231029,tXPloTh@gmail.com,CzYadDMdIMCePBA,1
Круглов,Георгий,Владимирович,1,16581,89989517538,277318588,TSIqAmy@gmail.com,rWENArbDNQUWUKu,1
Лопатина,Дарья,Захаровна,2,831,89887875451,854332598,ZzCHJoM@gmail.com,LWldepggRuYhugz,1
Левина,Ульяна,Макаровна,2,34394,89489806907,316629733,SWKtJzK@gmail.com,kYJJdnTbjldXDxt,1
Григорьева,Варвара,Кирилловна,2,36314,89871890308,267924482,iXtHqtm@gmail.com,dflzxCmDPEXtocE,1
Козлов,Алексей,Александрович,1,16095,89815456077,943689164,sBRncQv@gmail.com,KqmaBqSJvHItyeC,1
Рожкова,Мария,Александровна,2,7382,89533620827,457691567,eWUurrc@gmail.com,BJfDVebBVIxqahX,1
Лопатин,Илья,Сергеевич,1,23885,89281505934,691385167,CNKPMCa@gmail.com,kedTthyxiLsaWWh,1
Семенов,Роберт,Андреевич,1,11343,89402741111,334823183,MQWyHDh@gmail.com,sMQZSlnjXuYABsM,1
Шилова,Камила,Константиновна,2,32282,89367655835,221309866,cQYaseP@gmail.com,bgFAmaHuSpugjTe,1
Воронин,Александр,Захарович,1,8633,89225294726,704529890,Sgbqmbt@gmail.com,hrCBmITGtmpIjgc,1
Фадеев,Святослав,Львович,1,19983,89620917223,645408190,wTebTIK@gmail.com,waHSokLXpWPLoPB,1
Усов,Артём,Владиславович,1,17130,89551599332,600540676,WDenOYt@gmail.com,PtNhrvwigvYubLM,1
Серебряков,Ярослав,Егорович,1,22348,89804752247,825597696,SpMWsyF@gmail.com,BzESiHqiNJcOqUS,1
Казакова,Анна,Михайловна,2,27670,89439458248,189818232,KUEBKsA@gmail.com,cCaAUoqfFRtkuXZ,1
Орлов,Денис,Никитич,1,27569,89623373038,784949063,mFyiQzG@gmail.com,WPECyDnSqkjvgNu,1
Троицкая,Марьям,Тимофеевна,2,10634,89811192258,977672976,pamaRpF@gmail.com,sYuQwATOeDwDdtS,1
Романов,Роман,Иванович,1,29030,89172603026,211396408,ncKFJqG@gmail.com,oYsOJIfYvNMKaPe,1
Лебедева,Милана,Степановна,2,36822,89347479141,951384419,inpPuIo@gmail.com,maAdhMxpJKEEyNB,1
Козлов,Артемий,Андреевич,1,15189,89962318661,199907376,zJjErOx@gmail.com,lhcEVRJspzHWIJI,1
Дружинин,Дмитрий,Степанович,1,18981,89073522323,222054477,ZeykdyG@gmail.com,vJiKTWryfywrmud,1
Морозова,Полина,Арсентьевна,2,3114,89665059407,741341947,WBhLfQz@gmail.com,pgDXwLZMYRnSkXN,1
Лебедев,Алексей,Савельевич,1,15069,89249550235,316241365,QHQJPLE@gmail.com,CwViqQeUCWovYba,1
Жданова,Ульяна,Михайловна,2,3481,89542006372,899463136,BWnznXh@gmail.com,zBVTqAzQCXPllwG,1
Горшкова,Анна,Алексеевна,2,16393,89546502791,549017177,TypxUTu@gmail.com,yNNgPByXNpmHjWG,1
Соколов,Андрей,Арсентьевич,1,13615,89134571414,648963493,vSXPOVp@gmail.com,mUJSkdAYdBZLjMp,1
Любимова,Кира,Дмитриевна,2,31251,89050443383,366281673,verIPXh@gmail.com,bbwZCsJSsPywEpJ,1
Ковалева,Елизавета,Ивановна,2,38406,89243127336,485503770,wRXPuIC@gmail.com,pZrMkLTZaQAnjLj,1
Шишкин,Иван,Фёдорович,1,28482,89688930272,613415736,DEiANPy@gmail.com,xfEOKxvaeArWqVY,1
Шишкина,Виктория,Тимуровна,2,916,89351606011,164759020,hTSjDua@gmail.com,GkThhOsrlkoJOHc,1
Григорьев,Михаил,Ильич,1,15395,89326001767,936072445,usSqVWg@gmail.com,EIYiFvnDNYPkNSE,1
Ермакова,Василиса,Артёмовна,2,25533,89451199963,800391055,AQJkFgd@gmail.com,HKANHtmxOaggNCo,1
Попов,Кирилл,Вадимович,1,4386,89618827794,560581261,JmUpvuH@gmail.com,ARFDcgycYWwjJVw,1
Пастухова,Полина,Данииловна,2,20166,89818965481,875868865,NbVYfQw@gmail.com,iLtiNUcJIyzazfs,1
Калинин,Алексей,Михайлович,1,19314,89536668916,795951290,OwvlDAy@gmail.com,hEIbyNUBTaxtJgQ,1
Воробьева,Анастасия,Демидовна,2,20102,89531253578,423349343,WFJJGZT@gmail.com,WYjbZUceXpuMhPy,1
Плотникова,Анна,Эриковна,2,31803,89639400940,556899169,qrpKoCS@gmail.com,iQEcLtRwnmGTTHm,1
Жукова,Полина,Леонидовна,2,32267,89533921676,105613175,XxFQIqd@gmail.com,cXhSVbsjulAQXYE,1
Максимова,Елизавета,Данииловна,2,21819,89223914180,251350443,MfEEzhg@gmail.com,mSXCSTOIKUEsoEv,1
Кожевников,Александр,Львович,1,29261,89601172319,769712139,MrHCbbd@gmail.com,OgBSnGRxJwVfaSZ,1
Павлов,Владимир,Вячеславович,1,18083,89520004076,952424801,wSIBkVN@gmail.com,DRfLdEPajyRWWql,1
Молчанова,Дарья,Денисовна,2,22665,89416918763,629217700,pUnBCBI@gmail.com,yVtyhNzAUjnTsid,1
Алексеева,София,Леоновна,2,30960,89201717179,929468085,dSUejBR@gmail.com,XMIJisvZMxHpQMb,1
Орехова,Александра,Александровна,2,11254,89323690118,133755315,TZsjINE@gmail.com,yyFqSDdPknrEBYP,1
Чумаков,Владислав,Георгиевич,1,15984,89682291986,637144876,zoyYAjS@gmail.com,yvzOTOASfcKixEn,1
Воробьева,Кира,Кирилловна,2,937,89791386119,766186821,tyVxwXz@gmail.com,SoTRsvGxRhovnEd,1
Спиридонова,Анна,Данииловна,2,33487,89297578897,300162032,wHEmGSh@gmail.com,hrqRvATgAFDdVJw,1
Смирнова,Софья,Михайловна,2,8850,89276369989,387955487,xDHJRWO@gmail.com,fnYbWLoLvJLvWNk,1
Быкова,Арина,Кирилловна,2,13889,89285302295,861822440,iqKYWXo@gmail.com,uixaVVgClrHklCN,1
Александрова,Ева,Данииловна,2,2142,89877232065,523304972,UABYZSF@gmail.com,cMshRkxOZdQRVvc,1
Авдеев,Артём,Фёдорович,1,11957,89527029802,733440875,RWfENBw@gmail.com,VPAhQIuTOyIqlHv,1
Федорова,Антонина,Юрьевна,2,38207,89806125622,541433936,xcaSiYT@gmail.com,kzvOAFwZIPaOUuh,1
Ларина,Алина,Львовна,2,13545,89228008392,214468566,jixuMSG@gmail.com,aSsrzgJDubrzcTa,1
Крюкова,Диана,Львовна,2,4084,89933999691,881304679,HkaUEzB@gmail.com,klkDOjBbVJJaERO,1
Дубинин,Пётр,Дмитриевич,1,13023,89261228078,750684211,EvrCCdW@gmail.com,MCnFPeYGrHknWBk,1
Кузьмин,Максим,Максимович,1,4293,89640940192,829578929,RTxVaNL@gmail.com,AFByvvqfDqSkqeU,1
Костин,Максим,Денисович,1,23730,89473833012,430190866,MQjDPoW@gmail.com,BSPwlgancuiSFnq,1
Гончарова,София,Егоровна,2,11364,89334282835,164502294,puTTtrG@gmail.com,LhTDDaoFAdETxKt,1
Макаров,Дмитрий,Тимурович,1,35613,89089579324,852201716,wMDCyyU@gmail.com,nZAUUbhioyvzMgC,1
Шаповалов,Максим,Павлович,1,25336,89031380772,404655896,wZTRkIp@gmail.com,cwyNntRwkSzepXH,1
Глухов,Егор,Ильич,1,27650,89704871345,352302432,ZmsdTNW@gmail.com,xPDrPpikUECSLYr,1
Михеева,Наталья,Максимовна,2,6104,89210565906,257536300,iXNLbZl@gmail.com,cjktLGufkgadstv,1
Егорова,Милана,Данииловна,2,3627,89146051712,671826825,xraPxJm@gmail.com,FGvpzThzgQxLOAZ,1
Розанова,Марина,Викторовна,2,25503,89262358191,700650983,mcYJAZG@gmail.com,uYOVejXkvVaeTAp,1
Власова,Александра,Семёновна,2,14938,89721956669,843406776,OFVnvRJ@gmail.com,PestMztfbcillto,1
Морозова,Ярослава,Никитична,2,23164,89774411503,186366685,vvynKhB@gmail.com,SUpImFQmDUOsMPl,1
Воробьева,Мария,Васильевна,2,1220,89797084178,817145632,qCMKWgb@gmail.com,QgMbOpReKzsdWwe,1
Павлова,Мария,Степановна,2,19617,89702315985,117613910,sdLrKYl@gmail.com,lPOEMIdHVEBCNDR,1
Литвинов,Михаил,Григорьевич,1,15107,89559942930,600792783,rscqnZe@gmail.com,WNjOUIlcqLJKyfK,1
Анисимов,Александр,Павлович,1,13053,89014056625,154698048,oayZbpc@gmail.com,uMxdOtmxNBUaiiB,1
Степанов,Олег,Тимурович,1,1446,89746278270,637421551,MTRQYKC@gmail.com,fEKklqFOPethZQM,1
Постникова,Вера,Фёдоровна,2,39076,89140498474,457606542,jzjLZSm@gmail.com,jZMmbGvPGIoIoKc,1
Абрамова,Виктория,Андреевна,2,20321,89590379657,844493567,NoqGLQn@gmail.com,PgiOclZoCBRjGEn,1
Широков,Роман,Макарович,1,35978,89322746713,705585628,ukiFYdE@gmail.com,oXVQjAdmpWHeMJd,1
Кузьмин,Михаил,Петрович,1,34934,89552558581,674117178,PWGInHI@gmail.com,riUklokVxwuetjb,1
Румянцев,Фёдор,Артёмович,1,10649,89640311953,668634645,FWGJVEq@gmail.com,VQQcbbDdPFwiFHR,1
Трофимов,Эмиль,Сергеевич,1,11653,89612178022,120978767,XxLZcxV@gmail.com,cNGfYjrSMhBPViF,1
Смирнова,Ясмина,Михайловна,2,21839,89892660618,547594838,gGWxHTH@gmail.com,RvAoQnuVRPrsjsO,1
Александрова,Валерия,Степановна,2,31555,89586242308,262136864,NgTxFkn@gmail.com,EpplFqunZYkTjrh,1
Кузин,Павел,Михайлович,1,10357,89749132992,921596807,NjRGQNl@gmail.com,UAzClRVtiKuojWU,1
Попова,Елизавета,Сергеевна,2,34652,89502841180,930231057,PJuXupp@gmail.com,AgLKDYuBrJLznUE,1
Ильина,Полина,Никитична,2,6675,89631538314,386271910,XTyubUc@gmail.com,gKNdvEzKNaIgSif,1
Герасимова,Алия,Кирилловна,2,24087,89140918136,277270720,loSWoNP@gmail.com,bjeGpPMPIkWzEcF,1
Лебедева,Алиса,Александровна,2,30967,89767824615,329764969,sOmRVID@gmail.com,DNnDxKqUyAKGUqI,1
Артемова,Антонина,Артуровна,2,31613,89065621484,634933774,cAaEkjl@gmail.com,AujYPfcqMncctmf,1
Никитин,Роман,Семёнович,1,11885,89146151216,568284132,GNAaPgV@gmail.com,jKywKGaSLgxBQZl,1
Князева,Вера,Александровна,2,16946,89651987789,741520738,lVMjQNG@gmail.com,nAoVVPYmOVLXWYV,1
Макаров,Иван,Евгеньевич,1,29560,89056131852,960702235,xggMLvh@gmail.com,DbPuzLxkvPuNpcg,1
Данилов,Сергей,Михайлович,1,18717,89451377957,699827590,lrWnpxW@gmail.com,LPogRkDToSauYIz,1
Федотова,София,Андреевна,2,2047,89996126517,511508108,ZQJMqSV@gmail.com,GzOXVZyRcgUPdWO,1
Павловская,Юлия,Михайловна,2,13400,89815250869,193458367,LrCsnGE@gmail.com,RqdcNfaBSbHViNQ,1
Ефремов,Тимофей,Даниилович,1,11657,89429128003,171961399,dfottuu@gmail.com,bXTvTNSaEaCKDcI,1
Терентьев,Марк,Робертович,1,15948,89144991474,998729811,IhBLomC@gmail.com,xBqVANKtohzRGQL,1
Власов,Степан,Глебович,1,7730,89358851442,882861441,xKDFOfq@gmail.com,YLlHtdPSzWBgeAj,1
Коновалова,Анастасия,Никитична,2,29261,89673117344,105500720,vzxcBHf@gmail.com,SWUqTIsZYwTlQXd,1
Субботина,Алиса,Марковна,2,19631,89192879996,543675425,UBfqzVw@gmail.com,aUrWtGGvuwcedbW,1
Некрасова,Полина,Эмильевна,2,25166,89059297695,627787613,YsAPVqP@gmail.com,wYFHyfTjDfPiYWS,1
Нестеров,Антон,Кириллович,1,12491,89754384955,977583937,vtBjkPt@gmail.com,UXjbzbjcNqcsEyp,1
Дроздов,Станислав,Дмитриевич,1,8207,89688120418,913733204,HTkFzXy@gmail.com,YhilrhlLPzaRwKl,1
Рыжов,Иван,Ибрагимович,1,6798,89392901853,450306914,ujXsPjk@gmail.com,GzBwQkpJmHHnpzx,1
Филатов,Борис,Германович,1,14953,89460429074,385652446,othvKkz@gmail.com,lCmYaZSFydMCrVV,1
Яшина,Анна,Михайловна,2,32585,89493987372,810725189,ykNrvlp@gmail.com,yNmGRhIpgxndkQT,1
Гончаров,Роман,Иванович,1,15361,89944660739,469804724,IKCJwJb@gmail.com,EzqYWrHqPJNIYKZ,1
Ермакова,Вера,Тимуровна,2,504,89331880032,125620887,jCvKjyg@gmail.com,dPLLYGuegnEBwkp,1
Петров,Лука,Александрович,1,39965,89497244640,314741626,TNUDAaU@gmail.com,aiNlxTVivQrMdRj,1
Александров,Степан,Давидович,1,26502,89715128592,238075212,KsdvwVm@gmail.com,meyRshchEnhjvqm,1
Лебедев,Фёдор,Артёмович,1,4652,89657932875,138075998,pioaHKY@gmail.com,rdFYwtdIMVglTMP,1
Макаров,Фёдор,Даниилович,1,19067,89470644169,669834601,pzohzJJ@gmail.com,NAiMHywhwnhNAJx,1
Родионова,Мария,Всеволодовна,2,13540,89124891649,132550078,uuZBdtA@gmail.com,ZOhDWMWclovAUTT,1
Егоров,Константин,Михайлович,1,32059,89976947537,537856744,Kxjnmqc@gmail.com,DdRBsEMyYIgQOFg,1
Ковалева,София,Филипповна,2,34997,89615776208,596336255,YiHHTNJ@gmail.com,EoqrUCqZlVvdZWK,1
Новиков,Дмитрий,Михайлович,1,24876,89485241997,436681646,jvIKAna@gmail.com,TddNlrRUrUBDFSM,1
Киреев,Лев,Никитич,1,36942,89128913093,873202313,ZUzMvVH@gmail.com,lzWhwuuJxiRhmWy,1
Голиков,Родион,Петрович,1,30141,89570525655,824980871,IZJWlvC@gmail.com,piESghwwFgLsfPg,1
Лыкова,Милана,Егоровна,2,8228,89007106308,652085310,YjzGQBL@gmail.com,upRNZWOqFYITPkj,1
Орлова,Елизавета,Марковна,2,24764,89601103426,476816620,RcAmTMv@gmail.com,bcuNGAjTuKPljIa,1
Фомина,Арина,Николаевна,2,5063,89453622952,835783072,wpPfSaI@gmail.com,TQjyrfRMdzgzITC,1
Носков,Михаил,Александрович,1,2942,89864805959,192885035,mdkGHOl@gmail.com,COKzzVzawXjbxcx,1
Ефимова,Ульяна,Сергеевна,2,17499,89026237566,847263363,JTNRjmk@gmail.com,nLGkSmqicsInPzo,1
Лазарев,Андрей,Леонидович,1,32225,89542384560,379895503,kuOClMv@gmail.com,mxujnLNXZTMYKHZ,1
Митрофанова,Марта,Михайловна,2,3319,89115824770,243608123,yIIIvPN@gmail.com,EywWlUCAwgpYFPq,1
Белякова,Валерия,Владимировна,2,5407,89450983440,197187192,stYaWTx@gmail.com,vTwbvJCmRoxwCkH,1
Иванов,Вячеслав,Романович,1,17791,89895362230,935736961,AfosPWr@gmail.com,jRFOGIAflNqpQRY,1
Котов,Константин,Фёдорович,1,4221,89019004765,123479030,GfitdsM@gmail.com,oIcTEXVBYHZkbDe,1
Макаров,Иван,Русланович,1,27538,89299998331,424680015,HtNLhSV@gmail.com,fncSLeBZIkyTACb,1
Абрамова,Юлия,Глебовна,2,27763,89661509343,861083970,uTshNfw@gmail.com,xllKeXAOkAoVYUF,1
Попов,Платон,Серафимович,1,26612,89133207558,315498427,moJJCEo@gmail.com,VAuzujiffMstwkC,1
Антипова,Таисия,Глебовна,2,29678,89751426855,834935943,huDHXxv@gmail.com,sZsmwhBJZmDVXrH,1
Ефимова,Милана,Ильинична,2,30240,89390960111,886808921,nhUlZIY@gmail.com,rcUJEwEJwqQbKNo,1
Акимов,Роберт,Фёдорович,1,11441,89858814887,150121704,UJAhMch@gmail.com,rEpeTcLRsPlHAqI,1
Беляева,Анна,Борисовна,2,23996,89016305460,622231413,sQlzgkA@gmail.com,KkYZAFwispCIJRc,1
Синицына,Мария,Ильинична,2,28786,89521660522,254228761,TqCcLtt@gmail.com,iKkTNAoNdYNPwCN,1
Кузьмин,Глеб,Михайлович,1,30238,89546639349,972432500,DTbZXVR@gmail.com,hKttcmCIbbuKOfP,1
Кузнецов,Артём,Артёмович,1,2118,89914849193,468463324,oVpUPsC@gmail.com,FaztWSHtQXizKoc,1
Муратов,Борис,Михайлович,1,16035,89597209458,610554894,IxejFlb@gmail.com,xFtRLpLgdpDvaMO,1
Савельева,Милана,Фёдоровна,2,12931,89589474502,293738055,zPTIsMe@gmail.com,ikdguwKrMRgSaKy,1
Андреев,Артём,Ярославович,1,26977,89599177101,450440706,JLDnoyT@gmail.com,MYVyPJnqEVUJLBf,1
Дубровин,Никита,Валерьевич,1,33651,89285928994,291469300,oLuuptG@gmail.com,QlwyTMWZMxFzMiA,1
Фомин,Эрик,Григорьевич,1,1375,89575763984,406205561,mLHDldK@gmail.com,qJHKeYvKExIkvrR,1
Николаева,Елизавета,Никитична,2,37939,89730140915,200616138,zAQhdpQ@gmail.com,SKGXIPJzVAZqktj,1
Гаврилов,Лев,Богданович,1,11019,89239232412,967395739,OrjwJkP@gmail.com,UFBCXOPPNYQsmhf,1
Кононова,Василиса,Григорьевна,2,35471,89017698703,637165106,ygwDelp@gmail.com,nbsVsKdGBGexNRF,1
Макаров,Василий,Русланович,1,2688,89065429293,761434863,IONmZtp@gmail.com,ofAkFdcCGbyANRZ,1
Корнеева,Полина,Львовна,2,23277,89129778306,664485163,xzWItPv@gmail.com,doAxOGqrgIOhZLl,1
Блинова,Арина,Тимуровна,2,19713,89958824291,188049137,TwzrdXR@gmail.com,GCfAAXTJPuzUQrO,1
Воробьева,Ярослава,Данииловна,2,36118,89864796906,694756008,VYGopTX@gmail.com,KrMvLOYbDlkSNRG,1
Попова,Варвара,Арсентьевна,2,24126,89639842599,533050673,LESYvsj@gmail.com,RoccFJJziQsfeEe,1
Давыдов,Михаил,Тимофеевич,1,17480,89007369188,612366986,wDGxlGQ@gmail.com,xgzRjzjmtLHkqGk,1
Крылова,Ольга,Матвеевна,2,38955,89457369863,506888502,SzpiCVq@gmail.com,kVjzQSPjooRFzGQ,1
Винокурова,Валерия,Платоновна,2,12145,89088415645,427400405,XUBvcFs@gmail.com,AhjOxbOtClwXJYj,1
Потапов,Даниил,Гордеевич,1,23982,89884771241,275928330,vwVSUxb@gmail.com,ktmMHgtSwbgCnFQ,1
Орлов,Вячеслав,Максимович,1,21398,89873055298,633989799,hnpMKRm@gmail.com,OqpNkLtGZGndZhf,1
Родионов,Михаил,Кириллович,1,32667,89379190457,103504599,LCmWLPN@gmail.com,mhCFQnUlmyjnSAx,1
Иванова,Таисия,Константиновна,2,8767,89347495416,195643986,dkbezYR@gmail.com,ggmzBRSOmswxGjl,1
Захарова,Вероника,Никитична,2,7868,89637077431,936184197,bcGLCMK@gmail.com,lsTXugbBnzBVVnw,1
Алексеева,Софья,Александровна,2,20979,89952720349,755503775,gAUMgrP@gmail.com,ubVYLWDhXaaoIdb,1
Аникина,Серафима,Тимофеевна,2,4868,89390797783,662878126,NQjpHMn@gmail.com,EzGwlrczFvYcfyG,1
